method,aubc_normalized_score,aubc_mean_rank,aubc_best_cells,aubc_top2_cells,hv_final_normalized_score,hv_final_mean_rank,hv_final_best_cells,hv_final_top2_cells,performance_score_mean,performance_rank_mean
full,96.20084005344917,1.875,8,11,97.60264634109716,1.875,6,12,96.90174319727316,1.875
mpage_orig,76.20938555661826,3.9375,0,0,91.21850769944295,3.1875,2,4,83.71394662803061,3.5625
dense_reward,95.43209336315047,2.0,4,12,96.1180992648012,2.5,5,7,95.77509631397584,2.25
hybrid_reward,96.2142719984938,2.1875,4,9,97.5721693428671,2.4375,3,9,96.89322067068045,2.3125
