method,metric,n_cells,mean_normalized_score,median_normalized_score,mean_rank,median_rank,best_cells,top2_cells,worst_cells
full,aubc,16,96.94753223831083,99.73619851173997,1.6875,1.5,8,13,3
full,hv_final,16,98.02062572834038,99.9565913978681,1.6875,1.5,8,13,3
no_budget_anneal,aubc,16,90.00782354078541,95.82335783389281,2.4375,3.0,2,7,9
no_budget_anneal,hv_final,16,95.71607671336344,98.82093370339196,2.25,2.0,3,9,7
no_ph,aubc,16,92.67004114137507,99.19568464077672,1.875,2.0,6,12,4
no_ph,hv_final,16,93.66878366540395,99.6450828021608,2.0625,2.0,5,10,6
