method,aubc_normalized_score,aubc_mean_rank,aubc_best_cells,aubc_top2_cells,hv_final_normalized_score,hv_final_mean_rank,hv_final_best_cells,hv_final_top2_cells,performance_score_mean,performance_rank_mean
full,96.69297852635219,1.4375,10,15,97.90145113520406,1.5,9,15,97.29721483077813,1.46875
mpage_orig,76.62347616535395,2.9375,0,1,91.48052401388506,2.5,3,5,84.0520000896195,2.71875
hybrid_reward,96.68112608573009,1.625,6,16,97.86308297721426,2.0,4,12,97.27210453147217,1.8125
