method,metric,n_cells,mean_normalized_score,median_normalized_score,mean_rank,median_rank,best_cells,top2_cells,worst_cells
full,aubc,16,96.20084005344917,99.76465069914397,1.875,1.5,8,11,1
full,hv_final,16,97.60264634109716,99.73687674532238,1.875,2.0,6,12,0
mpage_orig,aubc,16,76.20938555661826,77.84106423416766,3.9375,4.0,0,0,15
mpage_orig,hv_final,16,91.21850769944295,97.3955058454402,3.1875,4.0,2,4,9
dense_reward,aubc,16,95.43209336315047,98.14984926396015,2.0,2.0,4,12,0
dense_reward,hv_final,16,96.1180992648012,99.602778003824,2.5,3.0,5,7,4
hybrid_reward,aubc,16,96.2142719984938,98.25787499117988,2.1875,2.0,4,9,0
hybrid_reward,hv_final,16,97.5721693428671,99.08352827553882,2.4375,2.0,3,9,3
