method,metric,n_cells,mean_normalized_score,median_normalized_score,mean_rank,median_rank,best_cells,top2_cells,worst_cells
full,aubc,16,96.69297852635219,100.0,1.4375,1.0,10,15,1
full,hv_final,16,97.90145113520406,100.0,1.5,1.0,9,15,1
mpage_orig,aubc,16,76.62347616535395,79.32862822802232,2.9375,3.0,0,1,15
mpage_orig,hv_final,16,91.48052401388506,97.4891950823272,2.5,3.0,3,5,11
hybrid_reward,aubc,16,96.68112608573009,99.09121346137692,1.625,2.0,6,16,0
hybrid_reward,hv_final,16,97.86308297721426,99.24661931478789,2.0,2.0,4,12,4
